category,n,per,ypos,label
Silver,1327,0.2654,0.8673,27.0%
Platinum,676,0.1352,0.6669999999999999,14.0%
Gold,1500,0.3,0.4493999999999999,30.0%
Bronze,1497,0.2994,0.1497,30.0%
