category,averageValue
Bronze,37.06417112299465
Gold,63.892
Platinum,53.51331360946745
Silver,35.89382530120482
