category,averageValue
Bronze,35.87189148455162
Gold,53.55473372781065
Platinum,63.888
Silver,37.06813627254509
