category,averageValue
Bronze,37.06813627254509
Gold,63.888
Platinum,53.55473372781065
Silver,35.87189148455162
